[PTCL],[has],[customers]
[Mb],[means],"[mega, -, bits]"
[Mb],[means],"[mega, -]"
"[speed, internet]",[means],"[mega, -, computer]"
"[
, MB]",[means],"[mega, -, computer]"
[byte],[has],[bits]
[bits],[make],[bits]
[you],[use],[computer]
[multiple],[means],[means]
[multiple],[play],[station]
[Internet],[offers],"[Fi, services]"
"[Fi, service]",[enables],"[connectivity, sessions]"
[PTCL],[offers],"[E, -, accounts]"
[PTCL],[offers],"[E, -, accounts]"
[PTCL],[offers],[personalized]
"[Mb, E, Mail]",[accounts],[exclusive]
[you],"[will, be, asked]","[which, to, provide, in, the, application, form, within, 48, hours]"
[PTCL],[offers],"[Internet, Service]"
[You],"[can, order]","[Internet, connection]"
[you],"[can, change]",[package]
[You],"[will, be, provided]",[Modem]
[you],[use],[services]
[you],"[can, talk]",[Internet]
[you],[access],[Internet]
"[DSL, installation, team]","[will, visit]","[premises, home]"
[You],"[can, be, using]","[facility, 24/7]"
[FUP],[means],"[Fair, Usage, Policy]"
[customer],"[can, avail]",[IP]
[PTCL],"[is, providing]","[Fi, dongle]"
[customers],[have],"[to, pay, for, the, Set, Top, Box, (, STB, )]"
"[Fi, modem]","[is, provided]",[PTCL]
[You],"[can, check]",[IP]
[You],"[can, order]","[PTCL, Â , Internet, connection]"
[Customers],"[will, be, required]","[to, first, pay, the, installation, charges, and]"
[who],[order],[connection]
[You],"[will, be, informed]",[mails]
[You],"[can, order]","[Telephone, connection]"
[Customers],"[will, be, required]","[to, first, pay, the, installation, charges, and]"
[who],[order],[connection]
[You],"[will, be, informed]",[mails]
[PTCL],[offers],[personalized]
"[Mb, E, Mail]",[accounts],[exclusive]
